clave,anio,doi,vna,sensor,banda,materiales,modelo_inversion,comparacion_externa,error_reportado,tratamiento_incertidumbre,notas,leido
Linha2025,2025,10.1109/tim.2025.3561426,pocketVNA 2.0,sonda coaxial propia de 2.2 mm,70 MHz - 3 GHz,5 tejidos ex vivo; isopropanol; etanol,línea virtual (2 patrones: aire y agua) + gating temporal + ajuste Cole-Cole/Debye,N9923 FieldFox + sonda DAK-12,MAPE del ajuste por encima de 200 MHz: eps 0.66 % (corteza renal) a 5.46 %; sigma desde 2.58 % (corazón),MAPE y desviación típica frente al sistema comercial; sin presupuesto por fuentes,calibración válida ~5 min (errores por debajo de 0.5 GHz y por encima de 2.5 GHz); error sistemático en torno a 1 GHz atribuido al equipo; competidor más cercano,texto completo
AriasRodriguez2025,2025,10.3390/s25133935,Keysight P9374B y PicoVNA 106,sonda SMA de bajo coste,10 MHz - 6 GHz (medido hasta 15 GHz),alcoholes; salinas; 7 tejidos,capacitivo; radiación; línea virtual,sonda Keysight N1501A,desviación entre 3 sondas < 3 %; RSD en 7 medidas a lo largo de 4 meses,repetibilidad y reproducibilidad; sin presupuesto por fuentes,lo barato es la sonda: el VNA no es de clase NanoVNA; recalibra cada 1-2 h; radiación mejor en tejidos,texto completo
GonzalezTeruel2022,2022,10.1016/j.compag.2022.106847,nanoVNA-H,adaptador SMA-N (apertura grande),1 - 900 MHz,líquidos orgánicos; 3 suelos,calibración OWL (abierto-agua-líquido) + FEM,Agilent 4395A (solo hasta 500 MHz),RMSE frente a referencias de la literatura,error frente a referencia; sin presupuesto,comparable de 1 a 500 MHz porque la referencia acaba ahí; por encima de 300 MHz el equipo mide con armónicos; ruido y oscilación por encima de 700 MHz,texto completo
Zhu2024,2024,10.25165/j.ijabe.20241703.7170,mini VNA (Shenzhen Xueli) + Raspberry Pi,sonda coaxial,100 MHz - 3 GHz,leche; zumo,modelo propio con 4 patrones,E5071C + 85070B,eps' ±3.4 %; eps'' ±6.0 %; CV < 1 % y < 2 %,coeficiente de variación; sin presupuesto,agroalimentario,texto completo
Fita2026,2026,10.3390/foods15142460,NanoVNA-H4,sonda SMA de 5 pines,50 - 900 MHz,aceites; glicerol; triglicéridos,transformación de Marsland con 4 referencias,valores de la literatura,parámetros de ajuste media ± DE (n = 15),incertidumbre de los parámetros del ajuste; sin presupuesto,SOL cada 5 medidas; cámara a 25 °C,texto completo
Malek2026,2026,10.1109/tmtt.2026.3664936,NanoVNA V2.2,sensor planar desechable (no es sonda coaxial),0.4 - 3 GHz,aceites y resina (eps 2-6),modelo analítico del sensor,sonda coaxial de referencia,eps' 3.29 % (aceite de colza),tipo A con dos componentes (instrumento: 31 repeticiones; imperfecciones físicas); sin tipo B ni Monte Carlo,afirma que la hoja de datos del NanoVNA no trae presupuesto de incertidumbre; lo más cercano a un análisis de incertidumbre de esta clase de equipo,texto completo
Schiavoni2023,2023,10.1109/access.2023.3243843,nanoVNA (HCXQS),sonda coaxial truncada,250 MHz - 3 GHz,piel in vivo: 11 voluntarios con lesiones,por extraer,VNA R&S de banco,por extraer,sin presupuesto,ya hay bajo coste in vivo; condiciona el Artículo 3,texto completo (lectura parcial)
Erkoreka2024,2024,arXiv:2402.00498,NanoVNA V2,condensador de placas paralelas (no es sonda coaxial),10 MHz - 1 GHz,cristal líquido,reflectometría de RF,analizador de impedancias HP 4294A,por extraer,sin presupuesto,no biomédico; 70 dB de margen dinámico tras calibrar; sin publicar en revista según arXiv,texto completo (lectura parcial)
Iaccheri2022,2022,10.3390/s22145277,NanoVNA V2,cable con terminación SMA,50 kHz - 3 GHz,disoluciones y alimentos líquidos,ninguno: modelos estadísticos sobre S11,no,R2 y RMSE de los modelos,no,no calcula permitividad,texto completo
Perrier2025,2025,10.3390/s25030789,Keysight P9372A,conector SMA,hasta 9 GHz,NaCl; LiBr,dos métodos con 3 líquidos de referencia,literatura,por extraer,no,lo barato es la sonda; subestima eps' con conductividad alta,texto completo
Rangel2025,2025,10.1109/gmepe/pahce65777.2025.11002836,NanoVNA V2 Plus4,por extraer,por extraer,varios materiales,por extraer,Agilent E5071B,error cuadrático medio < 1 %,por extraer,figura en los informes de Consensus como García 2025,resumen
Joof2024,2024,10.1109/siu61531.2024.10601009,pocket VNA (hasta 4 GHz),sonda coaxial,480 MHz - 4 GHz,etanol; etilenglicol,Newton multifrecuencia,por extraer,por extraer,por extraer,congreso,resumen
MorenoMerin2026,2026,10.1109/icmwia67461.2026.11448512,por extraer,semirrígida de 0.047 in,100 MHz - 20 GHz,alcoholes; 6 tejidos,por extraer,Keysight Slim Probe,< 7 % en alcoholes; RSD < 5 % en tejidos,variabilidad; por extraer,mismo grupo que AriasRodriguez2025,resumen
Merla2018,2018,10.1109/memea.2018.8438690,analizador de espectro portátil usado como VNA,cable coaxial abierto,por extraer,alcoholes; medios de cultivo,calibración diferencial + filtrado,VNA de laboratorio,sesgo y precisión,por extraer,congreso,resumen
Carmo2026,2026,10.1109/lacap67012.2026.11471226,por extraer,sonda coaxial de bajo coste,hasta 8.5 GHz,por extraer,por extraer,SPEAG DAK,eps' < 5 %; eps'' < 8 %,por extraer,congreso,resumen
Repin2026,2026,10.17223/00213411/69/6/3,nanoVNA,sonda coaxial abierta,por extraer,medios en campo,por extraer,otros métodos,por extraer,por extraer,en ruso,resumen
Aboyewa2022,2022,10.1063/5.0095909,circuito de RF propio (sin VNA),sonda coaxial,una frecuencia,gel ASTM,matriz de dispersión con 3 patrones,incertidumbre de la norma ASTM,dentro de la incertidumbre de la norma,por extraer,una sola frecuencia,resumen
Cataldo2022,2022,10.1109/tim.2022.3154804,VNA portátil de bajo coste,elemento sensor flexible (no es sonda coaxial),por extraer,hidratación de la piel,por extraer,VNA de banco,por extraer,por extraer,mismo grupo que Schiavoni2023; condiciona el Artículo 3,resumen
GonzalezTeruel2021,2021,10.1109/isema49699.2021.9508322,por extraer,sonda propia,10 - 500 MHz,líquidos de referencia,por extraer,sonda comercial,fiable de 50 a 500 MHz,por extraer,congreso; antecedente de GonzalezTeruel2022,resumen
Aydin2019,2019,10.5829/ije.2019.32.03c.07,miniVNA Tiny,ninguno: mide antenas,1 MHz - 3 GHz,antenas UWB,no aplica,no,no aplica,no,excluido: no mide permitividad; los informes de Consensus lo citaban como antecedente,resumen
