# Metanol, Debye simple (ec. 1). Gregory y Clarke, NPL Report MAT 23 (enero de 2012), sección 7.
# fr en GHz; incertidumbres expandidas (k = 2), sin la contribución de la temperatura.
temp_c,eps_s,u_eps_s,fr_ghz,u_fr_ghz,eps_inf,u_eps_inf
10,35.74,0.06,2.262,0.019,5.818,0.104
15,34.68,0.06,2.532,0.023,5.698,0.131
20,33.64,0.06,2.822,0.019,5.654,0.104
25,32.66,0.06,3.141,0.033,5.563,0.176
30,31.69,0.06,3.490,0.040,5.450,0.204
35,30.78,0.06,3.862,0.048,5.388,0.228
40,29.85,0.06,4.283,0.059,5.251,0.260
45,28.95,0.06,4.738,0.072,5.107,0.295
50,28.19,0.06,5.175,0.088,5.224,0.325
