# Etanol, Debye-Gamma (ec. 3). Gregory y Clarke, NPL Report MAT 23 (enero de 2012), sección 7.
# fr en GHz, gamma en 1/GHz; incertidumbres expandidas (k = 2), sin la contribución de la temperatura.
# Válido hasta 5 GHz (nota 32 del informe).
temp_c,eps_s,u_eps_s,fr_ghz,u_fr_ghz,eps_h,u_eps_h,gamma,u_gamma
10,26.79,0.04,0.596,0.003,4.624,0.021,0.075,0.007
15,25.95,0.04,0.700,0.003,4.590,0.023,0.071,0.008
20,25.16,0.04,0.829,0.003,4.531,0.017,0.059,0.005
25,24.43,0.04,0.964,0.005,4.505,0.033,0.056,0.012
30,23.65,0.04,1.124,0.007,4.471,0.043,0.054,0.014
35,22.88,0.04,1.303,0.008,4.439,0.052,0.053,0.016
40,22.16,0.04,1.511,0.010,4.410,0.066,0.050,0.018
45,21.45,0.04,1.745,0.013,4.394,0.086,0.049,0.022
50,20.78,0.04,2.010,0.016,4.378,0.108,0.044,0.025
